source,target,weight
81,127,1
81,82,1
81,90,3
81,139,3
81,17,1
81,42,2
81,87,2
81,118,2
81,38,2
81,1,3
81,107,1
81,64,1
81,165,1
81,86,1
81,13,2
81,35,2
81,155,1
81,152,1
81,8,1
81,163,1
81,74,1
81,10,1
81,29,1
81,30,1
81,67,1
81,136,2
81,123,2
81,85,1
81,49,1
81,79,4
81,161,3
81,148,1
81,138,4
81,45,2
81,116,1
81,91,1
81,135,6
81,19,6
81,0,2
81,32,2
81,4,1
81,95,4
81,111,1
81,69,2
81,40,2
81,15,2
81,159,4
81,63,1
81,144,4
81,124,1
81,143,1
81,7,8
81,134,5
112,88,1
112,60,1
112,101,3
112,127,7
112,153,5
112,82,5
112,90,14
112,139,16
112,17,8
112,42,7
112,87,9
112,118,2
112,55,3
112,133,5
112,38,9
112,166,4
112,126,1
112,110,1
112,115,1
112,51,3
112,70,9
112,54,5
112,1,12
112,156,1
112,119,2
112,28,1
112,107,9
112,39,1
112,97,1
112,44,1
112,84,13
112,64,7
112,165,2
112,52,7
112,89,2
112,13,7
112,113,1
112,23,1
112,131,2
112,2,3
112,77,1
112,34,1
112,35,14
112,58,3
112,162,2
112,145,5
112,155,2
112,120,9
112,152,7
112,8,1
112,163,3
112,16,1
112,74,3
112,31,5
112,22,1
112,10,1
112,29,5
112,129,1
112,37,1
112,67,2
112,136,6
112,123,9
112,147,3
112,102,4
112,150,7
112,49,10
112,103,1
112,71,3
112,5,5
112,151,1
112,79,32
112,142,1
112,161,14
112,125,1
112,148,2
112,138,13
112,45,11
112,157,1
112,116,2
112,61,1
112,149,1
112,91,2
112,135,27
112,19,15
112,158,2
112,0,8
112,32,17
112,4,1
112,43,11
112,92,1
112,114,4
112,95,19
112,154,4
112,105,1
112,69,2
112,141,2
112,40,3
112,98,1
112,12,1
112,122,2
112,15,4
112,164,2
112,47,1
112,159,23
112,104,1
112,63,2
112,144,4
112,124,6
112,143,4
112,7,38
112,134,17
112,121,1
88,127,2
88,90,1
88,139,1
88,38,1
88,70,1
88,1,1
88,64,1
88,131,1
88,35,1
88,145,2
88,155,1
88,120,2
88,136,1
88,123,1
88,147,2
88,46,1
88,150,1
88,49,1
88,5,1
88,79,3
88,142,1
88,11,1
88,138,2
88,45,1
88,61,1
88,135,1
88,19,1
88,0,1
88,41,1
88,43,1
88,95,2
88,111,1
88,141,1
88,104,1
88,144,2
88,143,1
88,7,3
88,134,2
60,94,1
60,127,1
60,90,1
60,139,2
60,42,2
60,87,1
60,55,1
60,38,1
60,166,1
60,115,1
60,51,1
60,70,1
60,54,1
60,28,1
60,64,2
60,52,1
60,24,1
60,86,1
60,13,3
60,35,2
60,145,1
60,152,1
60,8,2
60,163,2
60,16,1
60,31,2
60,117,1
60,10,1
60,29,1
60,129,1
60,123,1
60,102,2
60,150,2
60,49,1
60,79,3
60,142,1
60,138,1
60,73,1
60,135,2
60,0,2
60,32,3
60,43,2
60,95,7
60,40,1
60,15,2
60,159,2
60,104,1
60,63,1
60,7,8
94,127,1
94,139,1
94,13,1
94,35,1
94,163,1
94,123,1
94,79,1
94,135,1
128,150,1
128,79,1
128,95,1
128,134,2
101,127,3
101,153,3
101,82,1
101,90,8
101,139,7
101,48,1
101,17,3
101,42,5
101,87,3
101,118,1
101,133,3
101,38,9
101,166,1
101,110,1
101,115,1
101,51,1
101,70,4
101,54,2
101,1,3
101,119,1
101,107,5
101,39,2
101,84,4
101,64,4
101,52,1
101,24,1
101,89,1
101,86,1
101,13,4
101,23,1
101,2,1
101,35,4
101,162,2
101,155,1
101,120,4
101,152,4
101,99,1
101,163,2
101,16,2
101,10,1
101,37,1
101,100,1
101,67,1
101,136,1
101,26,1
101,123,4
101,147,4
101,102,1
101,106,3
101,49,4
101,71,2
101,5,3
101,79,8
101,142,1
101,11,1
101,161,8
101,125,1
101,148,1
101,138,1
101,146,1
101,45,1
101,157,2
101,116,2
101,83,2
101,61,1
101,135,7
101,19,5
101,0,2
101,32,8
101,43,5
101,114,2
101,95,5
101,69,2
101,141,1
101,40,3
101,15,2
101,159,5
101,144,6
101,124,4
101,7,13
101,134,10
9,82,1
9,38,1
9,70,1
9,39,1
9,160,1
9,13,1
9,152,1
9,8,1
9,163,1
9,67,1
9,123,1
9,79,2
9,161,1
9,146,1
9,135,2
9,19,1
9,32,1
9,95,3
9,154,1
9,40,1
9,159,1
9,63,2
9,7,3
9,134,2
127,153,11
127,82,4
127,90,16
127,139,20
127,17,23
127,42,17
127,87,11
127,118,3
127,55,4
127,133,6
127,38,15
127,110,2
127,115,5
127,51,7
127,70,9
127,54,13
127,57,1
127,1,27
127,119,1
127,107,14
127,39,3
127,84,6
127,64,19
127,165,2
127,52,6
127,24,4
127,160,1
127,89,3
127,86,1
127,13,17
127,113,1
127,23,3
127,2,6
127,77,2
127,35,15
127,58,4
127,162,5
127,145,10
127,155,2
127,120,19
127,152,16
127,8,6
127,99,1
127,163,6
127,16,4
127,74,3
127,31,4
127,22,2
127,10,4
127,29,9
127,129,3
127,30,2
127,6,2
127,108,2
127,67,2
127,56,1
127,136,10
127,26,2
127,123,21
127,85,2
127,147,6
127,46,2
127,102,10
127,106,2
127,150,9
127,49,25
127,71,4
127,5,3
127,130,1
127,79,42
127,142,2
127,11,7
127,161,18
127,125,5
127,148,2
127,138,13
127,146,1
127,45,14
127,157,1
127,27,1
127,116,8
127,73,1
127,61,3
127,149,1
127,91,2
127,135,24
127,19,25
127,76,2
127,158,2
127,0,10
127,32,13
127,41,1
127,4,7
127,43,19
127,114,5
127,137,1
127,72,1
127,95,27
127,154,4
127,111,1
127,105,1
127,59,2
127,69,4
127,141,2
127,40,10
127,109,3
127,12,2
127,122,3
127,15,5
127,164,2
127,47,2
127,50,1
127,159,17
127,104,2
127,36,2
127,63,13
127,144,21
127,124,13
127,143,9
127,7,70
127,134,33
153,82,3
153,90,13
153,139,16
153,48,1
153,17,7
153,42,12
153,87,6
153,118,1
153,55,1
153,133,7
153,38,10
153,166,3
153,110,2
153,115,5
153,25,2
153,51,2
153,70,4
153,54,3
153,57,1
153,1,8
153,156,1
153,107,11
153,39,5
153,84,8
153,64,7
153,52,6
153,160,1
153,89,2
153,86,1
153,13,8
153,113,1
153,23,1
153,2,1
153,77,1
153,35,7
153,58,2
153,162,2
153,145,4
153,120,5
153,152,13
153,8,8
153,163,6
153,16,3
153,74,1
153,31,2
153,10,2
153,29,1
153,129,2
153,108,1
153,67,1
153,65,1
153,136,7
153,26,1
153,123,6
153,85,3
153,46,1
153,102,2
153,106,1
153,150,8
153,49,10
153,62,2
153,71,3
153,5,5
153,130,1
153,79,40
153,142,2
153,11,2
153,161,16
153,125,1
153,148,2
153,138,17
153,45,6
153,157,1
153,116,2
153,61,3
153,149,3
153,135,25
153,19,16
153,76,1
153,0,3
153,78,2
153,32,13
153,41,2
153,4,2
153,43,10
153,114,6
153,72,3
153,95,22
153,154,1
153,111,1
153,105,1
153,69,3
153,141,3
153,40,2
153,122,1
153,15,6
153,164,4
153,47,2
153,50,2
153,159,19
153,104,2
153,63,4
153,144,10
153,124,10
153,143,2
153,7,34
153,134,21
153,121,2
82,90,5
82,139,16
82,17,4
82,42,3
82,87,6
82,118,2
82,55,3
82,133,1
82,38,9
82,166,4
82,110,1
82,115,3
82,25,1
82,51,3
82,70,3
82,54,4
82,57,1
82,1,8
82,107,4
82,39,2
82,84,3
82,64,10
82,165,1
82,52,4
82,24,1
82,89,2
82,13,9
82,23,1
82,2,2
82,35,5
82,58,3
82,162,2
82,132,1
82,145,5
82,155,1
82,120,3
82,152,9
82,163,3
82,16,6
82,74,2
82,31,1
82,117,1
82,10,1
82,29,2
82,30,1
82,108,1
82,67,2
82,136,1
82,53,1
82,123,8
82,85,2
82,147,7
82,102,2
82,106,2
82,150,5
82,49,7
82,71,4
82,5,2
82,79,26
82,142,4
82,11,4
82,161,7
82,80,1
82,148,2
82,138,11
82,45,9
82,116,2
82,73,2
82,83,1
82,61,2
82,149,1
82,91,1
82,135,18
82,19,11
82,158,1
82,0,1
82,32,23
82,4,3
82,43,8
82,114,4
82,95,28
82,154,1
82,111,1
82,105,1
82,59,1
82,69,4
82,141,2
82,40,4
82,109,1
82,15,6
82,47,1
82,159,10
82,36,1
82,63,4
82,144,4
82,124,6
82,143,5
82,7,29
82,134,14
82,121,2
90,139,38
90,48,1
90,17,23
90,42,25
90,87,9
90,118,2
90,55,3
90,133,10
90,38,28
90,166,6
90,110,3
90,115,12
90,51,7
90,70,15
90,54,15
90,57,1
90,1,25
90,156,1
90,119,3
90,28,1
90,107,14
90,39,3
90,21,1
90,84,11
90,64,17
90,52,9
90,24,6
90,160,2
90,89,6
90,86,4
90,13,25
90,23,3
90,131,2
90,2,3
90,77,2
90,35,25
90,58,4
90,162,1
90,145,13
90,155,3
90,120,21
90,152,25
90,8,10
90,163,9
90,16,16
90,74,11
90,31,7
90,22,1
90,10,11
90,29,10
90,129,2
90,30,2
90,108,2
90,67,2
90,56,3
90,65,3
90,136,7
90,26,2
90,123,16
90,85,3
90,147,5
90,46,1
90,102,11
90,106,5
90,150,7
90,49,26
90,62,2
90,103,2
90,71,14
90,5,10
90,79,70
90,142,6
90,11,3
90,161,31
90,80,4
90,148,5
90,138,23
90,146,1
90,45,16
90,157,4
90,27,1
90,116,1
90,83,1
90,61,7
90,149,4
90,91,2
90,135,60
90,19,37
90,76,1
90,158,2
90,0,9
90,78,1
90,32,50
90,41,7
90,4,3
90,43,22
90,92,1
90,114,7
90,137,1
90,72,1
90,95,44
90,154,6
90,111,2
90,105,4
90,59,2
90,69,5
90,141,3
90,40,3
90,109,2
90,122,1
90,15,12
90,164,4
90,159,38
90,104,2
90,36,2
90,63,11
90,144,18
90,124,12
90,143,6
90,7,107
90,134,51
90,121,2
139,48,1
139,17,23
139,42,27
139,87,11
139,55,1
139,133,7
139,38,22
139,166,2
139,110,4
139,115,5
139,25,4
139,51,5
139,70,20
139,54,21
139,57,2
139,1,39
139,156,1
139,119,5
139,28,2
139,107,23
139,39,2
139,97,1
139,21,2
139,84,14
139,64,29
139,165,3
139,3,1
139,75,2
139,52,16
139,24,5
139,160,1
139,89,7
139,86,5
139,13,32
139,23,4
139,2,11
139,77,3
139,35,33
139,33,1
139,58,7
139,162,4
139,145,12
139,155,3
139,120,16
139,152,18
139,8,11
139,99,1
139,163,10
139,16,12
139,74,14
139,31,4
139,117,1
139,22,2
139,10,10
139,29,7
139,129,2
139,30,2
139,6,4
139,108,3
139,66,1
139,37,2
139,100,1
139,67,5
139,56,2
139,65,2
139,136,10
139,26,1
139,123,21
139,85,4
139,147,12
139,46,2
139,102,8
139,106,7
139,150,14
139,49,27
139,62,3
139,103,1
139,71,8
139,5,15
139,151,2
139,79,82
139,142,4
139,11,5
139,161,43
139,125,5
139,80,3
139,148,8
139,138,30
139,146,4
139,45,21
139,157,3
139,27,1
139,116,11
139,83,1
139,61,8
139,149,1
139,91,3
139,135,70
139,19,52
139,76,2
139,20,1
139,158,3
139,0,11
139,78,2
139,32,47
139,41,7
139,4,6
139,43,30
139,114,8
139,137,1
139,95,72
139,154,6
139,111,1
139,105,3
139,59,3
139,69,14
139,141,2
139,40,7
139,109,2
139,98,1
139,12,1
139,122,7
139,15,22
139,164,5
139,47,2
139,50,1
139,159,53
139,104,9
139,36,2
139,63,11
139,144,27
139,68,1
139,124,19
139,143,4
139,7,107
139,134,57
139,121,3
48,17,1
48,42,1
48,87,1
48,133,1
48,38,2
48,166,1
48,115,1
48,51,2
48,70,1
48,54,1
48,1,1
48,107,1
48,64,1
48,52,1
48,89,1
48,13,1
48,35,2
48,58,1
48,145,1
48,8,1
48,163,1
48,10,1
48,37,1
48,67,1
48,26,1
48,123,1
48,79,3
48,161,4
48,148,1
48,138,1
48,45,3
48,116,1
48,83,1
48,135,3
48,19,4
48,32,3
48,4,1
48,43,2
48,72,1
48,95,4
48,69,1
48,40,1
48,109,1
48,159,2
48,63,1
48,124,1
48,7,13
48,134,1
17,42,15
17,87,10
17,118,3
17,55,1
17,133,5
17,38,36
17,166,4
17,126,1
17,110,3
17,115,7
17,51,7
17,70,12
17,54,14
17,57,2
17,1,26
17,119,1
17,107,12
17,21,1
17,84,7
17,64,18
17,165,1
17,75,1
17,52,11
17,24,6
17,160,3
17,89,8
17,86,1
17,13,18
17,113,1
17,23,2
17,131,1
17,2,5
17,77,2
17,35,23
17,58,4
17,162,3
17,145,9
17,155,1
17,120,14
17,152,14
17,8,7
17,99,1
17,163,13
17,16,11
17,74,8
17,31,8
17,117,1
17,22,1
17,10,7
17,29,4
17,129,1
17,30,1
17,6,2
17,108,1
17,37,1
17,67,3
17,65,1
17,136,6
17,26,3
17,123,13
17,85,2
17,147,4
17,46,1
17,102,8
17,106,2
17,150,11
17,49,14
17,103,2
17,71,8
17,5,6
17,79,46
17,142,3
17,11,4
17,161,30
17,125,6
17,80,2
17,148,2
17,138,25
17,146,2
17,45,25
17,157,5
17,116,5
17,93,1
17,61,3
17,149,1
17,91,6
17,135,50
17,19,20
17,18,1
17,76,1
17,158,2
17,0,14
17,78,2
17,32,27
17,41,1
17,4,3
17,43,19
17,92,1
17,114,6
17,137,1
17,72,1
17,95,43
17,154,2
17,105,1
17,59,2
17,69,3
17,141,3
17,40,7
17,109,1
17,122,3
17,15,9
17,164,1
17,140,1
17,47,1
17,159,22
17,36,1
17,63,11
17,144,16
17,68,1
17,124,15
17,143,5
17,7,67
17,134,35
17,121,3
42,87,11
42,118,5
42,55,1
42,133,9
42,38,15
42,166,3
42,110,1
42,115,2
42,25,1
42,51,8
42,70,12
42,54,13
42,1,29
42,156,2
42,119,2
42,107,13
42,39,3
42,21,1
42,44,1
42,84,10
42,64,11
42,165,1
42,3,1
42,75,3
42,52,10
42,24,4
42,160,2
42,89,1
42,86,3
42,13,12
42,23,2
42,2,3
42,77,1
42,35,21
42,58,3
42,162,3
42,132,1
42,145,9
42,155,2
42,120,11
42,152,21
42,8,8
42,99,1
42,163,4
42,16,7
42,74,7
42,31,3
42,10,7
42,29,10
42,129,1
42,6,1
42,108,1
42,37,2
42,67,1
42,56,2
42,136,10
42,26,1
42,123,21
42,85,1
42,147,7
42,46,2
42,102,3
42,106,3
42,150,7
42,49,21
42,62,1
42,103,3
42,71,6
42,5,9
42,79,43
42,142,2
42,11,1
42,161,23
42,125,1
42,80,2
42,148,3
42,138,17
42,146,4
42,45,12
42,157,2
42,27,1
42,116,3
42,93,1
42,61,7
42,149,1
42,91,4
42,135,43
42,19,30
42,76,1
42,158,1
42,0,7
42,78,1
42,32,29
42,41,7
42,4,5
42,43,20
42,92,1
42,114,7
42,137,1
42,95,47
42,154,4
42,111,1
42,105,1
42,59,1
42,69,8
42,141,2
42,40,4
42,12,1
42,122,3
42,15,6
42,164,5
42,140,1
42,47,1
42,50,1
42,159,23
42,104,4
42,36,2
42,63,6
42,144,17
42,124,8
42,143,2
42,7,70
42,134,33
42,121,2
87,118,2
87,55,1
87,133,2
87,38,12
87,126,1
87,110,3
87,115,2
87,51,3
87,70,6
87,54,2
87,1,14
87,156,1
87,119,1
87,107,5
87,84,4
87,64,6
87,75,1
87,52,5
87,24,2
87,89,1
87,13,9
87,23,1
87,2,1
87,34,1
87,35,7
87,145,1
87,155,1
87,120,6
87,152,8
87,8,2
87,163,4
87,16,4
87,74,3
87,22,1
87,10,5
87,29,2
87,108,1
87,67,2
87,136,10
87,123,10
87,85,2
87,147,6
87,46,1
87,102,1
87,150,7
87,49,3
87,71,3
87,5,2
87,151,1
87,79,19
87,142,5
87,11,1
87,161,6
87,125,2
87,80,1
87,148,4
87,138,8
87,146,1
87,45,6
87,157,5
87,116,2
87,93,1
87,61,2
87,149,2
87,91,1
87,135,19
87,19,15
87,18,1
87,0,3
87,32,12
87,41,2
87,4,2
87,43,15
87,114,5
87,137,1
87,95,21
87,154,3
87,111,1
87,105,1
87,59,1
87,69,2
87,141,1
87,40,6
87,109,1
87,12,2
87,122,1
87,15,2
87,164,2
87,159,15
87,36,2
87,63,3
87,144,8
87,124,4
87,143,2
87,7,25
87,134,19
87,121,4
118,55,1
118,133,1
118,38,8
118,166,1
118,126,1
118,110,1
118,115,1
118,51,2
118,70,3
118,54,1
118,1,4
118,107,1
118,84,1
118,64,5
118,52,1
118,24,1
118,13,3
118,113,1
118,2,1
118,34,1
118,35,2
118,145,3
118,120,2
118,152,3
118,163,1
118,16,3
118,31,2
118,29,2
118,30,2
118,6,1
118,136,1
118,147,2
118,150,2
118,49,3
118,103,1
118,71,1
118,79,6
118,161,5
118,125,1
118,138,5
118,45,4
118,157,1
118,61,1
118,135,8
118,19,6
118,158,1
118,32,10
118,43,7
118,114,1
118,95,7
118,40,1
118,122,2
118,159,7
118,144,5
118,124,1
118,143,1
118,7,11
118,134,7
55,133,1
55,38,3
55,166,1
55,115,1
55,51,3
55,70,2
55,54,1
55,107,2
55,84,1
55,64,2
55,52,2
55,13,2
55,113,1
55,2,1
55,35,1
55,155,1
55,120,1
55,152,1
55,8,1
55,16,2
55,74,2
55,31,1
55,10,1
55,129,1
55,30,1
55,56,1
55,136,1
55,123,2
55,147,3
55,150,1
55,71,3
55,79,5
55,161,5
55,148,1
55,138,4
55,45,1
55,157,1
55,116,1
55,61,1
55,135,6
55,19,4
55,0,2
55,32,6
55,41,1
55,43,2
55,95,5
55,69,2
55,40,1
55,122,1
55,164,1
55,159,5
55,144,1
55,124,2
55,143,1
55,7,11
55,134,7
133,38,6
133,166,3
133,115,2
133,51,3
133,70,4
133,54,4
133,57,1
133,1,15
133,119,3
133,107,8
133,39,2
133,84,4
133,64,5
133,75,1
133,52,2
133,24,1
133,160,1
133,89,1
133,13,9
133,113,1
133,131,1
133,35,6
133,145,3
133,155,1
133,120,6
133,152,8
133,8,4
133,163,6
133,16,4
133,74,2
133,31,1
133,10,2
133,29,3
133,6,1
133,56,1
133,65,1
133,136,4
133,123,5
133,85,1
133,147,1
133,102,3
133,106,1
133,150,4
133,49,6
133,71,5
133,5,3
133,79,17
133,11,1
133,161,9
133,125,1
133,138,8
133,45,5
133,157,1
133,91,1
133,135,22
133,19,6
133,158,2
133,0,2
133,32,9
133,4,1
133,43,2
133,114,4
133,72,1
133,95,19
133,154,1
133,111,1
133,69,5
133,141,2
133,40,1
133,109,1
133,122,1
133,15,5
133,164,1
133,159,12
133,63,1
133,144,8
133,124,2
133,143,3
133,7,32
133,134,18
38,166,4
38,126,1
38,110,6
38,115,6
38,25,1
38,51,5
38,70,17
38,54,16
38,57,3
38,1,23
38,107,15
38,39,4
38,97,1
38,21,3
38,84,11
38,64,18
38,165,2
38,75,2
38,52,14
38,24,7
38,160,5
38,89,11
38,86,2
38,13,18
38,23,2
38,131,3
38,2,7
38,77,4
38,34,1
38,35,20
38,58,7
38,162,6
38,145,10
38,155,1
38,120,20
38,152,23
38,8,8
38,99,1
38,163,12
38,16,8
38,74,6
38,31,7
38,117,1
38,22,2
38,10,11
38,29,12
38,129,1
38,108,2
38,37,3
38,100,1
38,67,3
38,65,6
38,136,10
38,53,1
38,26,4
38,123,18
38,85,1
38,147,7
38,46,1
38,102,8
38,106,3
38,150,10
38,49,28
38,62,2
38,103,2
38,71,8
38,5,14
38,130,1
38,151,1
38,79,60
38,142,3
38,11,3
38,161,28
38,125,1
38,80,3
38,148,4
38,138,24
38,146,2
38,45,25
38,157,1
38,27,2
38,116,6
38,73,1
38,93,2
38,83,2
38,61,4
38,149,1
38,91,2
38,135,63
38,19,31
38,76,3
38,158,3
38,0,15
38,32,37
38,41,3
38,4,7
38,43,28
38,92,1
38,114,7
38,137,1
38,95,47
38,154,5
38,111,2
38,105,1
38,59,3
38,69,10
38,141,3
38,40,12
38,98,1
38,12,3
38,122,2
38,15,10
38,164,2
38,140,1
38,159,38
38,104,6
38,36,1
38,63,10
38,144,23
38,124,23
38,143,5
38,7,90
38,134,58
38,121,3
166,115,1
166,51,2
166,70,2
166,54,2
166,1,6
166,119,1
166,28,2
166,107,2
166,84,3
166,64,2
166,52,1
166,160,1
166,13,2
166,23,1
166,35,7
166,58,1
166,120,1
166,152,5
166,8,2
166,163,1
166,74,1
166,31,1
166,10,2
166,29,1
166,37,1
166,136,1
166,123,4
166,147,2
166,102,1
166,150,2
166,49,2
166,103,1
166,71,3
166,5,4
166,151,1
166,79,7
166,11,2
166,161,3
166,80,1
166,138,3
166,45,6
166,157,1
166,116,1
166,73,1
166,83,1
166,61,1
166,149,1
166,91,1
166,135,14
166,19,8
166,0,2
166,32,1
166,4,1
166,43,3
166,114,1
166,95,9
166,154,1
166,141,2
166,40,2
166,98,1
166,12,1
166,15,1
166,159,5
166,63,3
166,144,2
166,124,4
166,143,1
166,7,14
166,134,11
166,121,1
126,51,1
126,1,1
126,107,1
126,52,1
126,24,1
126,86,1
126,23,1
126,145,1
126,152,1
126,163,1
126,16,1
126,49,1
126,5,3
126,79,2
126,138,3
126,146,1
126,116,1
126,61,1
126,135,1
126,19,1
126,32,2
126,43,1
126,95,3
126,105,1
126,40,2
126,144,1
126,7,6
110,115,2
110,70,3
110,54,1
110,57,1
110,1,1
110,119,2
110,107,1
110,39,1
110,84,1
110,64,2
110,75,1
110,52,2
110,24,1
110,89,1
110,13,3
110,131,1
110,2,2
110,77,1
110,35,5
110,145,3
110,120,1
110,152,3
110,163,1
110,10,1
110,65,2
110,136,2
110,123,4
110,147,1
110,150,2
110,49,1
110,62,1
110,5,1
110,79,6
110,11,2
110,161,1
110,138,4
110,146,1
110,45,3
110,157,1
110,116,1
110,149,1
110,91,1
110,135,6
110,19,5
110,158,1
110,0,2
110,32,2
110,41,1
110,43,1
110,114,1
110,95,6
110,154,1
110,15,3
110,159,6
110,104,1
110,63,1
110,144,2
110,124,1
110,143,2
110,7,14
110,134,3
115,70,2
115,54,4
115,1,11
115,119,1
115,107,4
115,39,2
115,84,2
115,64,5
115,75,1
115,52,3
115,89,2
115,13,4
115,2,1
115,35,6
115,58,1
115,145,4
115,120,6
115,152,11
115,8,2
115,163,2
115,16,3
115,74,1
115,31,1
115,22,1
115,10,1
115,30,1
115,37,1
115,56,1
115,65,1
115,136,2
115,26,1
115,123,7
115,147,5
115,102,1
115,106,1
115,150,3
115,49,9
115,71,2
115,5,4
115,79,11
115,142,2
115,11,2
115,161,4
115,125,2
115,80,1
115,148,1
115,138,7
115,146,1
115,45,4
115,157,1
115,116,3
115,91,2
115,135,16
115,19,5
115,0,3
115,32,4
115,41,2
115,4,1
115,43,6
115,114,2
115,95,12
115,154,2
115,59,2
115,69,1
115,141,1
115,40,1
115,12,2
115,122,1
115,15,2
115,164,1
115,47,2
115,50,2
115,159,15
115,104,1
115,63,2
115,144,8
115,124,5
115,143,3
115,7,25
115,134,8
115,121,2
25,70,2
25,1,1
25,156,1
25,84,1
25,64,2
25,52,1
25,145,1
25,120,2
25,152,1
25,16,1
25,31,2
25,29,1
25,123,1
25,85,1
25,150,1
25,49,2
25,79,5
25,142,2
25,161,2
25,138,2
25,45,3
25,83,1
25,135,5
25,19,2
25,32,1
25,4,1
25,95,4
25,15,1
25,159,3
25,63,1
25,124,1
25,7,3
51,70,7
51,54,2
51,1,10
51,156,1
51,119,1
51,107,10
51,39,2
51,97,1
51,84,4
51,64,3
51,165,1
51,52,3
51,24,1
51,160,1
51,89,2
51,86,2
51,13,5
51,23,1
51,2,2
51,77,1
51,35,2
51,58,1
51,162,3
51,155,1
51,120,7
51,152,4
51,8,1
51,163,6
51,16,6
51,31,2
51,29,2
51,129,2
51,6,1
51,37,1
51,67,2
51,136,1
51,26,1
51,123,6
51,147,2
51,102,4
51,150,2
51,49,12
51,71,3
51,5,1
51,79,16
51,142,2
51,161,13
51,80,4
51,148,1
51,138,4
51,45,5
51,157,1
51,73,1
51,83,1
51,61,1
51,149,1
51,135,13
51,19,10
51,0,2
51,32,11
51,43,8
51,114,1
51,72,1
51,95,15
51,154,4
51,111,1
51,59,1
51,69,2
51,141,1
51,40,3
51,122,1
51,15,2
51,159,7
51,104,1
51,63,1
51,144,2
51,124,2
51,143,1
51,7,25
51,134,21
70,54,6
70,57,1
70,1,18
70,119,2
70,28,1
70,107,12
70,39,5
70,44,1
70,84,7
70,64,17
70,165,1
70,52,5
70,24,1
70,160,1
70,89,4
70,86,1
70,13,15
70,23,2
70,131,1
70,2,3
70,77,3
70,34,1
70,35,11
70,58,2
70,162,2
70,145,9
70,155,1
70,120,9
70,152,11
70,8,6
70,163,4
70,16,4
70,74,6
70,31,4
70,22,3
70,10,10
70,29,3
70,129,1
70,30,1
70,6,1
70,37,1
70,67,5
70,56,1
70,65,2
70,136,5
70,26,2
70,123,15
70,85,1
70,147,4
70,102,4
70,150,9
70,49,14
70,62,2
70,103,1
70,71,5
70,5,12
70,130,2
70,151,1
70,79,33
70,142,4
70,11,4
70,161,19
70,125,1
70,80,1
70,148,2
70,138,16
70,146,1
70,45,7
70,157,2
70,116,3
70,61,2
70,91,3
70,135,43
70,19,15
70,158,4
70,0,5
70,32,16
70,4,3
70,43,19
70,114,1
70,137,1
70,95,32
70,154,4
70,111,1
70,105,1
70,59,2
70,69,4
70,40,6
70,109,1
70,12,2
70,122,2
70,15,8
70,164,1
70,159,21
70,104,1
70,36,4
70,63,12
70,144,19
70,68,1
70,124,11
70,143,2
70,7,51
70,134,27
70,121,1
54,1,16
54,156,1
54,119,1
54,28,1
54,107,9
54,39,1
54,97,1
54,84,4
54,64,9
54,165,2
54,52,6
54,24,1
54,160,2
54,89,1
54,86,1
54,13,12
54,23,2
54,131,3
54,2,5
54,35,11
54,162,6
54,145,8
54,155,1
54,120,9
54,152,10
54,8,2
54,99,1
54,163,3
54,16,5
54,74,5
54,31,7
54,117,1
54,22,1
54,10,4
54,29,3
54,30,1
54,108,1
54,100,1
54,67,2
54,56,1
54,65,1
54,136,7
54,26,1
54,123,11
54,85,3
54,147,4
54,46,1
54,102,1
54,106,3
54,150,6
54,49,8
54,71,6
54,5,4
54,130,1
54,79,28
54,142,5
54,11,2
54,161,11
54,125,1
54,148,3
54,138,20
54,45,5
54,157,1
54,116,4
54,73,1
54,83,1
54,61,2
54,91,2
54,135,42
54,19,18
54,76,1
54,0,7
54,32,21
54,41,5
54,4,1
54,43,13
54,114,4
54,137,1
54,72,1
54,95,25
54,154,1
54,111,1
54,105,1
54,59,1
54,69,7
54,40,3
54,12,2
54,122,1
54,15,3
54,164,3
54,47,1
54,159,21
54,104,2
54,36,2
54,63,8
54,144,9
54,124,6
54,143,5
54,7,44
54,134,24
54,121,1
57,1,3
57,39,1
57,84,2
57,64,3
57,165,1
57,24,1
57,89,1
57,13,2
57,113,1
57,2,2
57,145,1
57,155,1
57,120,1
57,152,1
57,8,2
57,163,2
57,16,1
57,74,1
57,22,1
57,10,2
57,29,1
57,123,1
57,150,2
57,49,1
57,62,1
57,79,5
57,161,2
57,138,2
57,45,2
57,83,1
57,61,1
57,149,1
57,135,3
57,19,3
57,158,1
57,0,3
57,32,1
57,4,1
57,95,5
57,154,1
57,69,1
57,40,1
57,122,2
57,15,2
57,159,3
57,144,2
57,124,2
57,143,1
57,7,10
57,134,5
1,156,1
1,119,3
1,107,20
1,39,4
1,44,1
1,84,15
1,64,17
1,75,2
1,52,13
1,24,2
1,160,4
1,89,7
1,86,2
1,13,19
1,113,2
1,23,2
1,2,7
1,77,3
1,35,26
1,58,4
1,162,1
1,132,1
1,145,9
1,155,4
1,120,24
1,152,20
1,8,6
1,163,13
1,16,11
1,74,11
1,31,7
1,10,5
1,29,10
1,129,2
1,30,3
1,6,2
1,108,1
1,37,3
1,67,5
1,56,1
1,65,1
1,136,11
1,53,1
1,26,2
1,123,17
1,85,2
1,147,8
1,102,6
1,106,1
1,150,21
1,49,18
1,71,11
1,5,10
1,79,72
1,142,1
1,11,4
1,161,32
1,125,3
1,80,2
1,148,7
1,138,22
1,146,1
1,45,20
1,157,7
1,116,4
1,93,1
1,83,1
1,61,8
1,91,8
1,135,70
1,19,33
1,18,1
1,76,1
1,20,1
1,158,5
1,0,10
1,78,5
1,32,18
1,41,2
1,4,6
1,43,27
1,92,2
1,114,8
1,137,2
1,72,1
1,95,56
1,154,5
1,111,3
1,105,2
1,59,1
1,69,14
1,141,3
1,40,21
1,109,1
1,12,2
1,122,3
1,15,12
1,164,4
1,140,2
1,47,1
1,96,1
1,159,43
1,104,2
1,36,1
1,63,14
1,144,31
1,124,17
1,143,10
1,7,107
1,134,69
1,121,3
156,119,1
156,107,1
156,97,1
156,84,1
156,64,1
156,113,1
156,163,1
156,16,1
156,31,1
156,29,1
156,147,3
156,102,2
156,150,1
156,49,2
156,79,3
156,161,2
156,138,1
156,45,2
156,61,2
156,135,2
156,19,1
156,76,1
156,78,1
156,43,1
156,95,1
156,69,1
156,36,1
156,124,1
156,7,4
119,107,4
119,39,1
119,64,5
119,52,2
119,160,1
119,13,1
119,23,2
119,2,1
119,162,1
119,120,3
119,152,3
119,8,1
119,163,2
119,16,2
119,74,1
119,22,1
119,10,1
119,129,1
119,123,1
119,147,3
119,102,3
119,150,1
119,49,2
119,71,1
119,5,1
119,151,1
119,79,7
119,161,3
119,80,1
119,148,1
119,138,7
119,157,1
119,135,9
119,19,2
119,0,1
119,32,1
119,43,2
119,114,1
119,95,9
119,154,1
119,111,1
119,69,1
119,164,1
119,159,3
119,63,1
119,144,3
119,7,10
119,134,4
28,24,1
28,13,1
28,23,1
28,2,1
28,35,1
28,150,1
28,5,1
28,80,1
28,61,1
28,32,3
28,43,1
28,114,1
28,95,2
28,40,1
28,164,1
28,159,1
28,7,2
107,39,2
107,44,1
107,84,7
107,64,10
107,165,2
107,52,6
107,24,3
107,160,2
107,89,2
107,86,2
107,13,21
107,113,2
107,23,1
107,131,1
107,2,4
107,77,1
107,35,22
107,162,3
107,145,4
107,155,2
107,120,10
107,152,11
107,8,6
107,163,3
107,16,13
107,74,8
107,31,1
107,22,1
107,10,5
107,29,4
107,129,2
107,108,1
107,100,1
107,67,2
107,56,4
107,65,1
107,136,4
107,123,12
107,85,2
107,147,6
107,102,11
107,106,1
107,150,11
107,49,14
107,103,2
107,71,7
107,5,9
107,79,39
107,142,4
107,11,1
107,161,21
107,125,2
107,80,1
107,148,2
107,138,16
107,146,1
107,45,10
107,157,6
107,116,1
107,93,1
107,61,5
107,149,2
107,91,4
107,135,36
107,19,30
107,76,2
107,158,4
107,0,8
107,78,3
107,32,20
107,41,5
107,4,2
107,43,21
107,114,6
107,95,37
107,154,7
107,111,2
107,105,2
107,69,2
107,141,2
107,40,2
107,109,1
107,98,1
107,122,2
107,15,12
107,164,2
107,47,1
107,50,3
107,159,23
107,104,1
107,36,1
107,63,3
107,144,13
107,124,6
107,143,7
107,7,57
107,134,31
39,84,1
39,64,5
39,75,1
39,52,2
39,13,3
39,34,1
39,35,6
39,58,1
39,162,1
39,120,3
39,152,2
39,8,2
39,163,2
39,16,2
39,74,3
39,37,1
39,65,3
39,136,2
39,123,1
39,147,1
39,102,2
39,150,1
39,49,1
39,62,2
39,71,1
39,5,2
39,130,1
39,79,11
39,142,1
39,161,8
39,125,1
39,138,2
39,45,4
39,157,1
39,116,1
39,149,1
39,135,11
39,19,4
39,0,2
39,32,2
39,43,5
39,92,1
39,114,1
39,95,6
39,154,1
39,111,1
39,105,1
39,69,1
39,40,2
39,109,2
39,12,1
39,47,1
39,159,8
39,104,1
39,63,5
39,144,3
39,124,1
39,143,2
39,7,13
39,134,7
97,64,1
97,10,1
97,37,1
97,106,1
97,71,1
97,79,2
97,61,1
97,91,1
97,32,1
97,43,1
97,95,1
97,122,1
97,159,2
97,124,1
21,84,1
21,120,2
21,16,1
21,29,1
21,56,1
21,49,1
21,71,3
21,79,2
21,161,1
21,138,1
21,45,1
21,135,1
21,19,1
21,32,1
21,41,1
21,95,1
21,12,2
21,122,1
21,159,1
21,7,4
21,134,2
44,35,1
44,120,1
44,67,1
44,49,3
44,61,1
44,19,1
44,32,3
44,43,1
44,95,1
44,134,1
84,64,10
84,52,6
84,24,2
84,160,2
84,89,2
84,86,1
84,13,5
84,113,2
84,23,1
84,131,2
84,2,4
84,35,15
84,58,3
84,162,2
84,145,3
84,120,13
84,152,10
84,8,2
84,163,5
84,16,7
84,74,6
84,31,1
84,10,3
84,29,1
84,30,1
84,37,1
84,67,5
84,56,1
84,65,1
84,136,4
84,123,6
84,147,3
84,102,6
84,106,2
84,150,6
84,49,9
84,62,2
84,103,3
84,71,5
84,5,10
84,79,32
84,142,1
84,11,2
84,161,10
84,125,1
84,80,2
84,148,2
84,138,8
84,146,1
84,45,10
84,157,1
84,116,1
84,93,2
84,61,5
84,149,1
84,135,28
84,19,24
84,158,2
84,0,2
84,78,1
84,32,18
84,4,3
84,43,18
84,114,2
84,72,1
84,95,22
84,154,3
84,59,1
84,69,4
84,141,1
84,40,9
84,122,3
84,15,6
84,164,1
84,50,1
84,96,1
84,159,21
84,104,2
84,63,10
84,144,12
84,124,6
84,143,2
84,7,43
84,134,24
84,121,2
64,165,1
64,75,2
64,52,15
64,24,3
64,160,2
64,89,2
64,86,1
64,13,14
64,113,3
64,23,2
64,2,5
64,77,3
64,34,2
64,35,20
64,58,1
64,162,4
64,145,11
64,120,11
64,152,10
64,8,6
64,163,4
64,16,10
64,74,10
64,31,2
64,22,2
64,10,7
64,29,6
64,129,1
64,6,1
64,108,1
64,37,1
64,67,3
64,56,1
64,65,3
64,136,6
64,53,1
64,26,1
64,123,16
64,85,4
64,147,10
64,46,1
64,102,10
64,106,2
64,150,5
64,49,10
64,62,2
64,103,1
64,71,1
64,5,5
64,79,53
64,142,2
64,11,2
64,161,21
64,125,2
64,80,3
64,148,3
64,138,20
64,45,17
64,157,2
64,116,5
64,73,1
64,93,1
64,83,1
64,61,7
64,149,1
64,135,41
64,19,22
64,158,3
64,0,8
64,78,1
64,32,44
64,4,4
64,43,19
64,114,2
64,95,42
64,154,6
64,111,1
64,105,1
64,69,5
64,141,3
64,40,9
64,12,3
64,122,1
64,15,9
64,164,2
64,140,2
64,47,1
64,159,28
64,104,3
64,63,11
64,144,25
64,124,13
64,143,2
64,7,62
64,134,34
64,121,3
165,3,1
165,13,2
165,23,1
165,77,1
165,35,1
165,145,2
165,155,2
165,120,1
165,152,1
165,8,2
165,163,1
165,16,1
165,74,1
165,31,2
165,136,1
165,123,1
165,102,1
165,106,3
165,150,2
165,49,2
165,79,2
165,11,1
165,161,4
165,138,1
165,146,1
165,45,2
165,157,1
165,116,1
165,61,1
165,135,5
165,19,2
165,32,3
165,4,1
165,43,1
165,95,5
165,159,2
165,144,2
165,124,2
165,143,1
165,7,4
165,134,2
165,121,1
3,77,1
3,8,1
3,85,1
3,102,1
3,161,1
3,135,1
3,19,2
3,4,1
3,43,1
3,95,1
3,105,1
3,144,2
3,7,1
75,52,2
75,35,1
75,145,2
75,155,1
75,120,1
75,152,3
75,22,1
75,10,1
75,129,1
75,67,1
75,150,2
75,5,2
75,79,3
75,142,1
75,11,1
75,161,2
75,125,1
75,138,2
75,146,1
75,45,1
75,157,1
75,116,1
75,149,1
75,135,3
75,19,1
75,0,2
75,41,1
75,43,1
75,114,1
75,95,4
75,69,1
75,40,2
75,50,1
75,159,2
75,104,1
75,63,2
75,7,5
75,134,2
52,24,1
52,160,1
52,89,5
52,86,2
52,13,12
52,113,1
52,23,1
52,2,5
52,77,1
52,35,8
52,33,1
52,58,2
52,162,1
52,145,7
52,120,7
52,152,11
52,8,4
52,163,3
52,16,9
52,74,4
52,31,3
52,22,1
52,10,6
52,30,2
52,67,1
52,56,2
52,65,1
52,136,4
52,26,2
52,123,10
52,85,3
52,147,3
52,46,2
52,102,3
52,106,1
52,150,9
52,49,11
52,62,1
52,71,1
52,5,4
52,79,31
52,142,2
52,11,1
52,161,12
52,125,1
52,80,3
52,148,3
52,138,12
52,45,11
52,157,3
52,116,5
52,73,1
52,61,5
52,149,2
52,135,30
52,19,16
52,158,1
52,0,4
52,78,1
52,32,22
52,4,2
52,43,18
52,114,5
52,95,22
52,154,1
52,59,1
52,69,1
52,40,3
52,109,1
52,122,2
52,15,3
52,164,1
52,50,1
52,159,16
52,63,7
52,144,6
52,68,1
52,124,7
52,143,1
52,7,36
52,134,18
52,121,1
24,89,4
24,13,4
24,2,3
24,35,5
24,58,2
24,145,1
24,155,2
24,120,2
24,152,7
24,8,4
24,163,5
24,16,4
24,74,1
24,31,1
24,10,2
24,29,3
24,6,1
24,37,1
24,67,1
24,56,1
24,136,1
24,26,1
24,123,3
24,85,1
24,147,2
24,102,2
24,150,1
24,49,7
24,71,2
24,79,9
24,142,1
24,11,1
24,161,7
24,125,1
24,148,1
24,138,6
24,146,1
24,45,3
24,157,1
24,116,1
24,149,1
24,91,2
24,135,15
24,19,7
24,0,3
24,32,11
24,43,7
24,137,1
24,95,10
24,154,4
24,105,1
24,59,1
24,69,3
24,40,2
24,15,3
24,140,1
24,159,11
24,63,1
24,144,2
24,68,1
24,124,1
24,143,1
24,7,21
24,134,16
24,121,1
160,89,1
160,86,1
160,13,4
160,2,1
160,77,1
160,35,1
160,162,1
160,145,4
160,155,2
160,120,2
160,152,2
160,8,1
160,16,3
160,10,1
160,29,2
160,30,1
160,6,1
160,37,1
160,65,1
160,136,1
160,123,3
160,85,1
160,106,1
160,49,4
160,5,1
160,79,6
160,161,6
160,125,2
160,148,1
160,138,3
160,157,1
160,116,1
160,149,1
160,135,4
160,19,4
160,32,5
160,4,1
160,43,2
160,114,1
160,95,5
160,154,1
160,111,1
160,141,1
160,122,1
160,15,1
160,159,3
160,63,4
160,144,2
160,124,1
160,143,1
160,7,13
160,134,2
89,13,3
89,113,1
89,23,2
89,77,1
89,35,8
89,58,1
89,162,1
89,132,1
89,145,2
89,120,2
89,152,3
89,8,3
89,163,2
89,16,1
89,74,4
89,31,2
89,10,1
89,29,1
89,37,1
89,65,1
89,26,1
89,123,2
89,85,2
89,147,1
89,102,4
89,150,3
89,49,6
89,71,4
89,5,5
89,79,14
89,142,1
89,161,10
89,138,7
89,146,1
89,45,5
89,157,1
89,116,1
89,149,2
89,91,1
89,135,11
89,19,5
89,76,1
89,0,1
89,32,6
89,41,2
89,4,2
89,43,4
89,114,3
89,95,10
89,154,2
89,69,1
89,40,1
89,122,1
89,15,2
89,164,1
89,159,6
89,104,1
89,63,4
89,144,8
89,68,1
89,124,4
89,143,2
89,7,14
89,134,7
89,121,1
86,13,3
86,23,1
86,2,1
86,77,1
86,35,4
86,155,1
86,152,2
86,8,1
86,16,2
86,74,1
86,10,3
86,29,1
86,6,1
86,56,1
86,147,1
86,102,1
86,150,2
86,49,5
86,71,1
86,5,1
86,79,4
86,142,2
86,161,3
86,125,2
86,138,3
86,45,2
86,27,1
86,116,2
86,61,1
86,91,1
86,135,5
86,19,5
86,0,1
86,32,7
86,41,2
86,4,1
86,43,4
86,114,2
86,95,3
86,154,1
86,69,1
86,164,1
86,159,4
86,104,1
86,36,1
86,63,1
86,144,1
86,124,3
86,143,1
86,7,10
86,134,8
13,113,1
13,23,3
13,2,3
13,77,4
13,35,21
13,58,2
13,162,4
13,145,8
13,155,2
13,120,11
13,152,16
13,8,6
13,163,8
13,16,11
13,74,5
13,31,2
13,22,3
13,10,5
13,29,3
13,129,3
13,30,1
13,108,1
13,37,1
13,67,1
13,56,1
13,65,4
13,136,9
13,123,12
13,85,4
13,147,11
13,46,3
13,102,5
13,106,2
13,150,7
13,49,23
13,62,1
13,71,4
13,5,7
13,79,53
13,142,6
13,11,6
13,161,20
13,80,4
13,148,3
13,138,13
13,146,2
13,45,18
13,157,4
13,27,1
13,116,4
13,93,1
13,61,2
13,149,1
13,91,3
13,135,51
13,19,30
13,18,2
13,158,3
13,0,8
13,32,27
13,41,3
13,4,7
13,43,22
13,92,2
13,114,6
13,72,1
13,95,38
13,154,2
13,111,2
13,59,2
13,69,9
13,141,3
13,40,6
13,109,3
13,122,3
13,15,9
13,164,2
13,140,1
13,47,1
13,159,32
13,104,3
13,36,4
13,63,13
13,144,13
13,124,15
13,143,4
13,7,79
13,134,31
13,121,4
113,2,1
113,35,1
113,162,1
113,155,1
113,152,2
113,163,1
113,16,1
113,10,1
113,67,1
113,123,1
113,147,1
113,49,2
113,62,1
113,71,1
113,5,2
113,79,4
113,142,1
113,161,1
113,146,1
113,157,1
113,135,5
113,19,2
113,158,1
113,78,2
113,32,4
113,95,4
113,59,1
113,40,1
113,15,1
113,159,1
113,63,1
113,7,4
113,134,2
113,121,1
23,77,1
23,35,2
23,145,1
23,120,2
23,152,3
23,16,1
23,31,1
23,29,2
23,67,1
23,56,1
23,123,2
23,147,1
23,102,2
23,150,1
23,49,3
23,71,1
23,5,2
23,79,9
23,142,2
23,11,1
23,161,3
23,138,3
23,146,1
23,45,4
23,157,1
23,135,9
23,19,3
23,0,1
23,32,2
23,43,2
23,114,1
23,95,1
23,122,1
23,15,1
23,164,1
23,159,4
23,144,5
23,124,2
23,7,13
23,134,5
131,145,1
131,152,2
131,74,2
131,123,1
131,147,2
131,46,1
131,49,1
131,79,4
131,142,1
131,148,1
131,157,1
131,61,1
131,135,2
131,19,3
131,32,2
131,95,3
131,40,2
131,159,3
131,7,2
131,134,1
2,77,2
2,34,1
2,35,6
2,162,1
2,145,1
2,120,3
2,152,1
2,8,1
2,163,2
2,16,6
2,74,3
2,31,1
2,29,1
2,129,1
2,67,2
2,136,1
2,123,2
2,85,1
2,46,1
2,102,1
2,106,1
2,150,2
2,49,4
2,71,3
2,5,4
2,79,8
2,142,3
2,161,7
2,125,2
2,80,1
2,148,2
2,138,4
2,146,1
2,45,7
2,116,1
2,93,1
2,83,1
2,135,11
2,19,4
2,76,1
2,0,2
2,78,1
2,32,6
2,41,3
2,4,2
2,43,5
2,114,1
2,95,13
2,69,2
2,40,5
2,109,1
2,15,4
2,159,16
2,104,1
2,36,1
2,63,2
2,144,10
2,124,3
2,143,1
2,7,20
2,134,9
77,58,1
77,145,2
77,120,1
77,152,2
77,8,1
77,163,1
77,31,1
77,117,2
77,29,2
77,30,2
77,65,2
77,123,1
77,85,1
77,49,1
77,71,1
77,5,2
77,79,4
77,142,1
77,11,2
77,161,2
77,138,1
77,45,3
77,157,1
77,93,1
77,91,1
77,135,7
77,19,5
77,32,5
77,41,2
77,43,3
77,114,1
77,95,7
77,154,2
77,105,1
77,40,1
77,164,1
77,159,2
77,63,1
77,144,1
77,143,1
77,7,9
77,134,5
34,35,1
34,74,1
34,29,1
34,123,1
34,147,1
34,79,2
34,45,1
34,116,1
34,135,2
34,19,1
34,0,1
34,32,1
34,43,1
34,95,1
34,69,1
34,40,1
34,159,2
34,63,1
34,144,1
34,7,2
34,134,2
35,58,4
35,162,4
35,145,6
35,155,3
35,120,16
35,152,17
35,8,9
35,99,1
35,163,5
35,16,10
35,74,9
35,31,5
35,117,1
35,22,1
35,10,9
35,29,9
35,129,2
35,30,1
35,6,4
35,37,1
35,67,2
35,56,2
35,65,2
35,136,10
35,26,2
35,123,24
35,85,4
35,147,4
35,102,10
35,106,8
35,150,14
35,49,16
35,103,1
35,71,8
35,5,6
35,79,77
35,142,8
35,11,2
35,161,26
35,125,2
35,80,2
35,148,4
35,138,27
35,146,1
35,45,11
35,157,2
35,27,2
35,116,6
35,73,1
35,93,1
35,83,1
35,61,9
35,149,3
35,91,2
35,135,55
35,19,33
35,18,2
35,158,6
35,0,6
35,32,22
35,41,3
35,4,2
35,43,23
35,92,1
35,114,9
35,95,46
35,154,4
35,111,3
35,105,2
35,59,2
35,69,6
35,141,4
35,40,8
35,109,2
35,12,1
35,122,2
35,15,9
35,164,1
35,140,1
35,159,20
35,36,3
35,63,7
35,144,22
35,124,11
35,143,5
35,7,79
35,134,38
35,121,2
33,31,1
33,114,1
33,143,1
33,134,1
58,145,1
58,155,1
58,152,3
58,8,3
58,16,1
58,74,1
58,31,2
58,117,1
58,10,1
58,37,1
58,65,1
58,136,1
58,147,2
58,102,3
58,150,1
58,49,6
58,71,2
58,5,2
58,130,1
58,79,7
58,161,3
58,148,1
58,138,2
58,146,1
58,45,5
58,157,1
58,61,1
58,149,1
58,135,5
58,19,8
58,0,2
58,32,5
58,4,1
58,43,4
58,95,9
58,69,1
58,40,1
58,15,2
58,159,7
58,104,2
58,63,2
58,144,4
58,124,2
58,7,14
58,134,7
58,121,2
162,120,2
162,163,2
162,16,1
162,74,1
162,22,1
162,29,1
162,6,1
162,65,1
162,123,1
162,147,1
162,102,1
162,106,2
162,150,2
162,49,5
162,71,1
162,5,1
162,79,5
162,142,1
162,161,6
162,80,1
162,138,5
162,146,1
162,45,5
162,157,1
162,116,1
162,83,1
162,61,1
162,149,1
162,135,10
162,19,4
162,0,1
162,32,4
162,4,1
162,43,2
162,114,2
162,95,6
162,59,1
162,141,1
162,40,5
162,12,2
162,15,2
162,164,1
162,159,11
162,36,1
162,63,1
162,144,3
162,124,1
162,143,1
162,7,16
162,134,3
132,152,1
132,123,1
132,142,1
132,157,1
132,135,1
132,19,1
132,32,1
132,159,2
132,63,1
132,124,1
132,7,1
145,155,1
145,120,7
145,152,8
145,8,3
145,163,6
145,16,5
145,74,1
145,31,3
145,10,2
145,129,3
145,30,1
145,108,1
145,67,1
145,56,1
145,65,1
145,136,3
145,123,9
145,85,2
145,147,5
145,102,3
145,106,2
145,150,7
145,49,5
145,62,1
145,71,4
145,5,3
145,151,1
145,79,32
145,142,2
145,11,3
145,161,9
145,148,1
145,138,9
145,146,1
145,45,8
145,157,1
145,27,1
145,116,2
145,83,1
145,61,3
145,91,2
145,135,22
145,19,12
145,0,4
145,78,1
145,32,19
145,41,1
145,4,1
145,43,6
145,95,23
145,154,1
145,105,2
145,59,2
145,69,1
145,40,7
145,122,2
145,15,4
145,164,1
145,50,1
145,159,12
145,104,2
145,63,2
145,144,9
145,124,8
145,143,2
145,7,29
145,134,20
155,120,2
155,152,3
155,8,1
155,16,2
155,74,2
155,123,1
155,147,4
155,150,2
155,49,2
155,71,1
155,5,1
155,79,2
155,161,3
155,80,1
155,138,2
155,45,2
155,157,1
155,116,3
155,91,1
155,135,7
155,19,7
155,158,1
155,0,1
155,78,1
155,32,2
155,41,1
155,4,2
155,43,2
155,95,4
155,111,1
155,141,1
155,40,1
155,15,2
155,164,1
155,159,3
155,104,1
155,36,1
155,144,2
155,124,1
155,143,3
155,7,9
155,134,4
120,152,12
120,8,6
120,163,3
120,16,6
120,74,3
120,31,1
120,22,4
120,10,2
120,29,1
120,37,2
120,67,1
120,56,2
120,65,1
120,136,4
120,123,9
120,85,1
120,147,4
120,46,1
120,102,6
120,106,1
120,150,6
120,49,9
120,103,1
120,71,5
120,5,9
120,79,47
120,142,3
120,11,2
120,161,14
120,125,4
120,148,2
120,138,20
120,146,1
120,45,11
120,157,5
120,116,2
120,93,1
120,61,3
120,149,2
120,91,3
120,135,41
120,19,32
120,20,1
120,158,1
120,0,7
120,78,1
120,32,31
120,41,2
120,4,1
120,43,7
120,114,4
120,137,2
120,95,30
120,154,4
120,69,3
120,141,2
120,40,5
120,98,1
120,12,2
120,122,2
120,15,5
120,47,2
120,50,1
120,159,16
120,104,1
120,36,2
120,63,5
120,144,9
120,124,9
120,143,6
120,7,57
120,134,31
120,121,2
152,8,2
152,163,4
152,16,6
152,74,6
152,31,5
152,22,1
152,10,6
152,29,9
152,129,1
152,30,1
152,6,1
152,108,1
152,37,2
152,67,2
152,56,1
152,65,6
152,136,10
152,26,3
152,123,15
152,85,2
152,147,8
152,102,6
152,106,2
152,150,7
152,49,12
152,62,1
152,103,1
152,71,7
152,5,1
152,79,44
152,142,4
152,11,6
152,161,22
152,80,1
152,148,4
152,138,21
152,146,2
152,45,13
152,157,4
152,116,2
152,73,2
152,61,1
152,91,3
152,135,56
152,19,27
152,18,1
152,158,3
152,0,4
152,78,1
152,32,27
152,41,4
152,4,5
152,43,10
152,92,1
152,114,5
152,137,1
152,95,32
152,154,6
152,69,3
152,141,2
152,40,6
152,109,1
152,12,4
152,122,2
152,15,9
152,164,2
152,159,32
152,104,2
152,36,1
152,63,6
152,144,13
152,124,9
152,143,3
152,7,66
152,134,33
152,121,2
8,163,1
8,16,3
8,74,2
8,31,5
8,117,1
8,10,4
8,29,5
8,129,1
8,6,2
8,108,1
8,37,1
8,65,2
8,136,3
8,26,1
8,123,1
8,147,3
8,46,1
8,102,3
8,150,7
8,49,3
8,62,1
8,71,1
8,5,7
8,151,1
8,79,24
8,142,1
8,11,1
8,161,10
8,125,1
8,80,3
8,148,2
8,138,8
8,45,7
8,157,4
8,27,1
8,116,3
8,93,1
8,61,1
8,91,1
8,135,18
8,19,16
8,158,1
8,0,2
8,32,16
8,41,1
8,4,2
8,43,6
8,114,2
8,95,21
8,154,1
8,105,1
8,59,1
8,122,1
8,15,2
8,164,1
8,159,13
8,104,2
8,36,2
8,63,3
8,144,11
8,124,2
8,143,1
8,7,29
8,134,14
8,121,1
99,161,1
99,116,1
99,135,1
99,32,1
99,63,1
99,7,2
163,16,2
163,74,4
163,31,1
163,22,1
163,10,1
163,29,2
163,129,2
163,6,1
163,37,1
163,56,1
163,136,3
163,26,1
163,123,7
163,85,1
163,147,3
163,102,3
163,150,6
163,49,9
163,62,1
163,71,2
163,5,4
163,79,24
163,142,1
163,11,3
163,161,12
163,80,1
163,148,8
163,138,2
163,146,2
163,45,5
163,157,1
163,116,4
163,61,2
163,149,1
163,91,2
163,135,19
163,19,9
163,76,3
163,158,1
163,0,2
163,32,4
163,41,2
163,4,1
163,43,8
163,114,3
163,95,18
163,154,2
163,105,2
163,59,1
163,69,4
163,141,1
163,40,7
163,122,2
163,15,5
163,50,1
163,159,17
163,104,2
163,63,4
163,144,10
163,124,5
163,143,5
163,7,41
163,134,19
16,74,2
16,22,1
16,10,5
16,29,6
16,129,3
16,67,1
16,56,1
16,65,2
16,136,2
16,123,12
16,85,1
16,147,3
16,46,1
16,102,1
16,106,2
16,150,2
16,49,14
16,71,3
16,5,3
16,151,1
16,79,33
16,142,3
16,11,7
16,161,15
16,125,3
16,80,1
16,148,4
16,138,9
16,146,4
16,45,11
16,116,2
16,61,2
16,91,1
16,135,29
16,19,19
16,76,2
16,158,1
16,0,5
16,32,13
16,41,3
16,4,1
16,43,8
16,114,4
16,95,25
16,154,9
16,59,1
16,69,1
16,141,2
16,40,4
16,12,1
16,122,5
16,15,6
16,164,2
16,47,2
16,50,1
16,96,1
16,159,20
16,63,1
16,144,13
16,124,8
16,143,2
16,7,46
16,134,25
16,121,1
74,31,3
74,10,3
74,129,1
74,30,2
74,6,2
74,67,4
74,56,2
74,65,1
74,136,5
74,26,1
74,123,5
74,85,3
74,147,3
74,46,1
74,102,2
74,150,4
74,49,9
74,103,1
74,71,2
74,5,2
74,151,1
74,79,25
74,161,10
74,80,1
74,148,4
74,138,16
74,45,6
74,157,2
74,116,3
74,91,3
74,135,25
74,19,15
74,20,1
74,0,7
74,78,1
74,32,11
74,41,1
74,4,1
74,43,13
74,72,1
74,95,14
74,154,6
74,69,2
74,141,1
74,40,2
74,109,2
74,15,4
74,164,1
74,159,12
74,104,1
74,63,7
74,144,6
74,124,4
74,143,5
74,7,28
74,134,19
74,121,1
31,29,2
31,65,2
31,136,4
31,26,1
31,123,3
31,85,1
31,147,1
31,102,2
31,49,6
31,71,7
31,5,1
31,151,1
31,79,13
31,142,3
31,11,1
31,161,7
31,125,1
31,148,1
31,138,7
31,45,7
31,157,2
31,73,1
31,93,1
31,61,2
31,149,1
31,135,13
31,19,8
31,76,1
31,20,1
31,158,1
31,0,1
31,78,1
31,32,5
31,41,3
31,43,2
31,95,8
31,154,2
31,105,1
31,69,1
31,141,1
31,40,3
31,122,2
31,15,4
31,164,2
31,159,6
31,104,1
31,36,2
31,63,2
31,144,3
31,124,5
31,7,17
31,134,17
31,121,1
117,49,2
117,79,2
117,161,1
117,125,1
117,45,1
117,73,1
117,0,1
117,32,3
117,43,1
117,95,1
117,12,1
117,63,1
117,144,2
117,7,3
117,134,1
22,129,1
22,30,2
22,136,1
22,123,3
22,85,1
22,147,1
22,49,1
22,79,4
22,142,1
22,161,1
22,148,2
22,138,2
22,45,1
22,157,1
22,116,1
22,135,3
22,19,1
22,76,1
22,0,3
22,32,5
22,4,2
22,43,1
22,95,3
22,122,1
22,159,2
22,63,1
22,144,2
22,7,11
22,134,2
10,29,4
10,129,1
10,6,1
10,108,1
10,67,3
10,56,2
10,136,3
10,123,4
10,147,1
10,102,2
10,106,1
10,150,3
10,49,5
10,71,1
10,5,2
10,79,21
10,142,1
10,11,1
10,161,11
10,80,1
10,148,2
10,138,10
10,146,2
10,45,8
10,157,2
10,27,1
10,116,2
10,93,1
10,61,1
10,135,20
10,19,15
10,0,2
10,32,13
10,41,1
10,4,1
10,43,9
10,92,1
10,114,4
10,95,16
10,154,1
10,111,2
10,105,1
10,69,2
10,122,2
10,15,2
10,47,2
10,159,12
10,36,1
10,63,2
10,144,9
10,124,5
10,143,3
10,7,26
10,134,14
10,121,1
29,129,1
29,30,1
29,136,6
29,26,1
29,123,6
29,147,2
29,46,1
29,102,2
29,106,1
29,150,3
29,49,5
29,62,1
29,103,1
29,71,2
29,5,5
29,79,19
29,142,1
29,11,2
29,161,8
29,80,1
29,138,10
29,146,2
29,45,7
29,157,2
29,73,2
29,61,2
29,135,26
29,19,11
29,158,2
29,0,2
29,78,1
29,32,6
29,41,2
29,4,3
29,43,9
29,114,4
29,95,18
29,154,1
29,105,2
29,69,3
29,141,1
29,40,2
29,12,2
29,122,1
29,15,2
29,164,1
29,159,8
29,104,1
29,63,2
29,144,7
29,124,2
29,143,3
29,7,29
29,134,14
129,136,2
129,123,3
129,85,1
129,102,4
129,49,3
129,5,2
129,79,3
129,161,3
129,138,2
129,45,1
129,116,4
129,61,1
129,135,6
129,19,4
129,0,4
129,32,2
129,4,1
129,43,4
129,95,6
129,154,1
129,105,1
129,59,1
129,69,1
129,40,1
129,15,2
129,164,1
129,159,2
129,63,1
129,144,1
129,143,1
129,7,7
129,134,6
30,136,1
30,26,1
30,123,1
30,147,1
30,49,1
30,5,1
30,79,2
30,11,1
30,161,1
30,138,2
30,61,1
30,149,1
30,135,3
30,19,1
30,32,2
30,43,1
30,95,4
30,69,1
30,159,2
30,124,1
30,7,5
30,134,3
30,121,1
6,37,1
6,136,1
6,46,1
6,49,1
6,79,2
6,161,2
6,138,2
6,45,2
6,27,1
6,91,1
6,135,3
6,32,2
6,41,1
6,4,1
6,95,3
6,40,1
6,15,1
6,63,1
6,144,1
6,7,4
6,134,1
108,123,1
108,150,1
108,49,1
108,79,3
108,161,2
108,157,1
108,116,1
108,135,3
108,19,2
108,0,1
108,32,2
108,43,2
108,114,1
108,69,1
108,15,1
108,159,3
108,104,1
108,7,2
108,134,2
108,121,1
66,11,1
66,135,1
37,67,1
37,56,1
37,65,1
37,136,2
37,106,1
37,150,1
37,79,2
37,11,1
37,161,2
37,138,1
37,45,1
37,135,4
37,32,3
37,43,1
37,95,1
37,47,1
37,159,1
37,63,2
37,144,2
37,7,7
37,134,2
100,102,1
100,5,1
100,161,1
100,95,1
100,7,2
100,134,2
67,56,1
67,136,3
67,26,1
67,123,3
67,85,1
67,147,3
67,102,1
67,150,2
67,49,4
67,5,2
67,79,12
67,142,1
67,11,1
67,161,6
67,80,1
67,148,1
67,138,1
67,45,5
67,157,1
67,61,1
67,135,9
67,19,4
67,0,1
67,32,2
67,4,1
67,43,4
67,114,3
67,95,5
67,59,1
67,69,1
67,141,1
67,40,4
67,15,1
67,164,1
67,159,9
67,36,2
67,63,2
67,144,1
67,124,1
67,7,10
67,134,3
67,121,1
56,65,1
56,136,1
56,26,1
56,123,1
56,102,3
56,150,1
56,49,1
56,71,1
56,5,3
56,79,4
56,161,1
56,80,2
56,138,3
56,157,1
56,61,3
56,135,9
56,19,2
56,0,1
56,78,1
56,32,4
56,41,1
56,4,1
56,43,2
56,114,1
56,137,1
56,95,10
56,69,1
56,141,1
56,40,3
56,109,1
56,164,1
56,159,6
56,63,1
56,124,1
56,143,1
56,7,10
56,134,6
65,123,1
65,85,1
65,147,1
65,49,1
65,5,1
65,79,7
65,142,1
65,11,1
65,161,2
65,80,1
65,138,3
65,45,1
65,116,3
65,135,6
65,19,2
65,32,2
65,43,2
65,114,1
65,95,4
65,40,1
65,122,1
65,159,1
65,36,1
65,63,1
65,144,2
65,124,4
65,143,2
65,7,7
65,134,2
136,123,9
136,147,3
136,102,5
136,106,2
136,150,10
136,49,10
136,62,1
136,103,1
136,71,1
136,5,7
136,79,17
136,142,1
136,11,4
136,161,11
136,125,1
136,80,1
136,148,3
136,138,8
136,146,3
136,45,13
136,157,2
136,116,1
136,135,25
136,19,12
136,76,2
136,0,2
136,78,1
136,32,16
136,41,1
136,4,3
136,43,7
136,92,1
136,114,3
136,137,1
136,72,1
136,95,20
136,154,5
136,69,4
136,141,3
136,40,3
136,98,1
136,122,1
136,15,3
136,164,4
136,50,1
136,159,16
136,104,3
136,36,3
136,63,4
136,144,8
136,124,3
136,7,36
136,134,18
136,121,1
53,79,1
53,135,1
53,43,1
53,69,1
53,40,1
53,124,1
26,147,2
26,49,1
26,71,2
26,79,2
26,161,3
26,138,3
26,45,3
26,149,1
26,91,2
26,135,3
26,19,3
26,158,1
26,32,1
26,95,1
26,15,1
26,164,1
26,159,1
26,63,1
26,124,1
26,143,1
26,7,1
26,134,3
123,85,1
123,147,7
123,46,2
123,102,6
123,106,1
123,150,9
123,49,13
123,103,2
123,71,3
123,5,4
123,79,48
123,142,3
123,11,3
123,161,20
123,125,2
123,80,2
123,148,6
123,138,19
123,146,2
123,45,20
123,157,1
123,116,4
123,61,3
123,149,1
123,91,2
123,135,45
123,19,29
123,158,2
123,0,3
123,78,1
123,32,28
123,41,3
123,4,4
123,43,15
123,114,6
123,137,1
123,95,39
123,154,5
123,111,3
123,105,1
123,69,4
123,141,3
123,40,3
123,15,10
123,164,3
123,50,1
123,159,22
123,104,3
123,63,4
123,144,17
123,124,8
123,143,4
123,7,61
123,134,32
123,121,1
85,147,2
85,46,1
85,102,3
85,150,3
85,49,2
85,71,2
85,5,1
85,79,9
85,142,1
85,161,3
85,125,1
85,80,1
85,138,2
85,45,2
85,116,3
85,91,2
85,135,8
85,19,6
85,158,1
85,32,5
85,41,2
85,43,3
85,137,1
85,95,6
85,154,1
85,59,1
85,109,1
85,122,1
85,159,9
85,104,1
85,63,1
85,144,2
85,124,2
85,7,2
85,134,2
147,46,1
147,102,4
147,150,2
147,49,8
147,103,1
147,71,3
147,5,4
147,79,32
147,142,1
147,11,4
147,161,7
147,125,1
147,80,1
147,148,1
147,138,14
147,45,6
147,157,2
147,116,4
147,83,1
147,61,1
147,91,5
147,135,20
147,19,20
147,76,1
147,158,3
147,0,3
147,32,7
147,4,2
147,43,8
147,114,2
147,95,15
147,69,1
147,141,2
147,40,1
147,15,3
147,159,13
147,104,1
147,36,1
147,63,4
147,144,12
147,124,4
147,143,1
147,7,33
147,134,14
147,121,1
46,49,1
46,79,4
46,142,1
46,161,1
46,45,1
46,135,2
46,19,1
46,76,1
46,32,5
46,43,1
46,114,1
46,141,1
46,15,1
46,159,2
46,63,1
46,144,3
46,124,1
46,7,3
46,134,1
102,106,1
102,150,5
102,49,7
102,103,1
102,71,5
102,5,7
102,130,1
102,79,18
102,142,3
102,161,10
102,125,1
102,80,1
102,148,2
102,138,8
102,146,1
102,45,6
102,157,2
102,116,3
102,61,1
102,149,1
102,135,20
102,19,15
102,158,5
102,0,2
102,78,1
102,32,16
102,41,1
102,4,2
102,43,7
102,114,3
102,95,12
102,154,1
102,59,2
102,69,6
102,141,1
102,40,5
102,122,5
102,15,2
102,47,1
102,159,9
102,104,2
102,36,1
102,63,4
102,144,8
102,124,2
102,143,2
102,7,21
102,134,19
102,121,1
106,150,3
106,49,3
106,71,1
106,5,2
106,79,6
106,11,1
106,161,3
106,125,3
106,148,2
106,138,4
106,146,1
106,45,2
106,93,1
106,61,1
106,135,9
106,19,5
106,158,1
106,32,5
106,4,1
106,43,2
106,114,1
106,95,6
106,154,1
106,105,1
106,15,2
106,164,1
106,140,1
106,159,8
106,36,1
106,144,2
106,124,5
106,143,1
106,7,14
106,134,10
106,121,1
150,49,14
150,62,2
150,5,4
150,79,32
150,142,5
150,11,1
150,161,26
150,125,3
150,80,3
150,148,1
150,138,11
150,146,1
150,45,14
150,157,2
150,27,1
150,149,4
150,91,1
150,135,26
150,19,16
150,158,3
150,0,5
150,32,13
150,41,2
150,4,7
150,43,13
150,92,1
150,114,9
150,137,1
150,95,23
150,154,3
150,59,1
150,69,2
150,141,2
150,40,6
150,109,1
150,12,1
150,15,6
150,164,2
150,159,19
150,36,1
150,63,4
150,144,8
150,68,1
150,124,5
150,143,3
150,7,36
150,134,26
49,62,2
49,103,1
49,71,3
49,5,5
49,130,1
49,151,1
49,79,55
49,11,3
49,161,30
49,125,3
49,80,2
49,148,2
49,138,19
49,45,14
49,157,3
49,27,1
49,116,4
49,61,3
49,149,1
49,91,4
49,135,45
49,19,38
49,76,1
49,158,1
49,0,12
49,32,27
49,41,1
49,4,5
49,43,27
49,114,6
49,95,35
49,154,6
49,111,1
49,105,3
49,69,8
49,141,2
49,40,4
49,109,2
49,98,1
49,12,2
49,122,3
49,15,3
49,164,1
49,140,3
49,159,28
49,104,4
49,36,4
49,63,9
49,144,23
49,124,14
49,143,9
49,7,84
49,134,43
49,121,2
62,79,2
62,138,1
62,45,1
62,135,1
62,19,2
62,32,1
62,43,1
62,114,2
62,95,4
62,154,1
62,12,1
62,159,1
62,63,1
62,7,4
62,134,4
103,5,1
103,79,1
103,161,2
103,138,1
103,45,1
103,135,5
103,19,3
103,32,3
103,4,1
103,43,1
103,95,2
103,40,1
103,159,1
103,36,1
103,124,1
103,143,3
103,7,6
103,134,1
71,5,5
71,151,1
71,79,27
71,142,1
71,11,1
71,161,5
71,125,2
71,80,1
71,148,1
71,138,5
71,146,2
71,45,13
71,27,2
71,116,3
71,83,1
71,91,2
71,135,20
71,19,10
71,158,1
71,0,6
71,32,11
71,41,2
71,43,5
71,92,1
71,114,4
71,95,27
71,154,2
71,105,1
71,59,1
71,69,1
71,141,1
71,40,2
71,98,1
71,15,1
71,164,1
71,140,2
71,47,1
71,159,11
71,104,1
71,63,6
71,144,11
71,124,1
71,143,2
71,7,29
71,134,16
71,121,1
5,79,23
5,142,2
5,11,3
5,161,13
5,125,1
5,80,1
5,148,2
5,138,12
5,45,8
5,116,3
5,73,1
5,61,2
5,149,1
5,135,26
5,19,20
5,76,2
5,0,2
5,78,1
5,32,12
5,41,2
5,4,1
5,43,8
5,114,6
5,72,1
5,95,22
5,154,2
5,105,1
5,69,1
5,141,3
5,40,5
5,98,1
5,12,1
5,122,3
5,15,4
5,164,1
5,50,1
5,159,18
5,104,1
5,36,2
5,63,5
5,144,16
5,124,4
5,143,3
5,7,44
5,134,19
5,121,1
130,79,1
130,157,1
130,135,1
130,19,1
130,95,1
130,15,1
130,159,1
130,63,1
130,7,2
151,79,4
151,161,2
151,138,2
151,116,1
151,135,2
151,0,1
151,32,1
151,4,1
151,43,1
151,95,1
151,69,1
151,40,1
151,15,1
151,159,2
151,144,3
151,124,1
151,7,1
151,134,2
79,142,9
79,11,5
79,161,55
79,125,5
79,80,7
79,148,8
79,138,74
79,146,6
79,45,59
79,157,15
79,27,4
79,116,10
79,73,4
79,93,3
79,83,2
79,61,17
79,149,4
79,91,7
79,135,158
79,19,79
79,18,1
79,76,2
79,158,6
79,0,33
79,78,1
79,32,90
79,41,7
79,4,15
79,43,74
79,92,3
79,114,21
79,137,2
79,72,2
79,95,145
79,154,18
79,111,6
79,105,5
79,59,3
79,69,25
79,141,4
79,40,25
79,109,3
79,12,4
79,122,11
79,15,19
79,164,7
79,140,3
79,47,1
79,50,3
79,159,94
79,104,7
79,36,6
79,63,26
79,144,62
79,124,39
79,143,10
79,7,222
79,134,121
79,121,9
142,11,2
142,161,5
142,125,1
142,80,2
142,148,1
142,138,5
142,146,1
142,45,4
142,157,1
142,116,2
142,93,1
142,135,18
142,19,8
142,0,1
142,78,1
142,32,8
142,4,1
142,43,8
142,114,3
142,137,1
142,95,4
142,154,2
142,69,4
142,141,1
142,40,1
142,15,2
142,164,3
142,47,1
142,50,1
142,159,6
142,104,2
142,63,1
142,144,4
142,124,1
142,143,2
142,7,8
142,134,7
11,161,5
11,80,1
11,138,10
11,146,1
11,45,4
11,157,1
11,61,1
11,135,11
11,19,5
11,0,1
11,32,11
11,43,7
11,114,3
11,95,12
11,69,2
11,141,1
11,40,1
11,122,1
11,15,3
11,164,1
11,140,1
11,159,9
11,104,1
11,63,2
11,144,3
11,124,1
11,143,1
11,7,16
11,134,14
161,125,6
161,80,3
161,148,8
161,138,33
161,45,23
161,157,5
161,27,1
161,116,5
161,93,1
161,83,1
161,61,9
161,149,2
161,91,2
161,135,59
161,19,43
161,18,1
161,158,4
161,0,10
161,78,2
161,32,48
161,41,5
161,4,5
161,43,20
161,114,14
161,137,1
161,72,2
161,95,61
161,154,4
161,111,2
161,105,1
161,59,2
161,69,7
161,141,2
161,40,9
161,109,1
161,12,1
161,122,3
161,15,9
161,164,1
161,140,3
161,159,42
161,104,3
161,36,1
161,63,9
161,144,23
161,68,2
161,124,12
161,143,4
161,7,97
161,134,54
161,121,1
125,80,2
125,138,5
125,45,2
125,61,1
125,135,4
125,19,6
125,32,3
125,43,2
125,114,1
125,137,1
125,95,8
125,40,3
125,109,1
125,12,1
125,122,1
125,159,3
125,144,1
125,143,1
125,7,11
125,134,8
80,138,3
80,45,2
80,157,1
80,135,3
80,19,4
80,0,2
80,32,2
80,43,2
80,114,1
80,95,8
80,40,1
80,12,1
80,15,2
80,164,1
80,159,5
80,104,1
80,36,1
80,63,1
80,144,4
80,124,3
80,143,3
80,7,9
80,134,4
148,138,1
148,45,4
148,157,1
148,116,2
148,61,2
148,135,12
148,19,7
148,20,1
148,158,1
148,0,3
148,32,7
148,41,2
148,43,5
148,114,1
148,95,12
148,154,2
148,69,1
148,122,1
148,15,2
148,140,1
148,159,6
148,63,1
148,144,4
148,124,1
148,7,15
148,134,7
138,146,4
138,45,24
138,157,7
138,27,1
138,116,4
138,73,2
138,93,2
138,61,7
138,149,1
138,91,3
138,135,74
138,19,40
138,76,1
138,158,4
138,0,12
138,78,3
138,32,32
138,41,7
138,4,5
138,43,28
138,92,1
138,114,8
138,137,1
138,95,59
138,154,9
138,111,2
138,59,1
138,69,8
138,141,1
138,40,10
138,109,2
138,12,2
138,122,5
138,15,9
138,164,8
138,140,2
138,47,1
138,50,1
138,159,31
138,104,3
138,36,3
138,63,11
138,144,25
138,124,14
138,143,13
138,7,99
138,134,54
138,121,2
146,45,5
146,135,7
146,19,3
146,32,1
146,43,1
146,95,5
146,105,1
146,40,1
146,122,1
146,15,2
146,159,4
146,144,1
146,124,2
146,143,1
146,7,8
146,134,2
45,157,2
45,27,1
45,116,6
45,73,1
45,93,1
45,61,3
45,91,1
45,135,51
45,19,26
45,76,1
45,158,3
45,0,8
45,32,23
45,41,3
45,4,4
45,43,23
45,114,8
45,137,2
45,72,1
45,95,45
45,154,5
45,59,2
45,69,6
45,141,2
45,40,7
45,12,1
45,122,4
45,15,9
45,164,3
45,47,2
45,50,1
45,159,23
45,104,2
45,36,2
45,63,7
45,144,14
45,124,8
45,143,4
45,7,75
45,134,46
45,121,1
157,73,2
157,93,1
157,91,1
157,135,10
157,158,1
157,0,1
157,32,5
157,41,1
157,4,1
157,43,7
157,137,1
157,95,9
157,154,1
157,40,1
157,122,1
157,15,1
157,164,1
157,159,8
157,104,1
157,36,2
157,144,6
157,124,3
157,7,15
157,134,13
157,121,1
27,135,2
27,19,2
27,69,1
27,159,1
27,63,1
27,124,1
27,7,2
27,134,1
14,105,1
116,93,1
116,91,1
116,135,22
116,19,16
116,0,2
116,32,8
116,4,1
116,43,9
116,92,1
116,114,1
116,137,1
116,95,9
116,105,1
116,69,3
116,141,1
116,12,1
116,15,3
116,140,1
116,159,6
116,63,2
116,144,1
116,124,4
116,143,3
116,7,22
116,134,10
73,91,1
73,135,2
73,19,1
73,32,4
73,43,1
73,95,2
73,40,1
73,159,2
73,63,2
73,124,1
73,7,2
73,134,1
93,19,1
93,43,1
93,114,1
93,95,2
93,159,1
93,63,1
93,7,2
93,134,2
83,43,1
83,95,2
83,159,1
83,124,2
83,7,4
61,135,20
61,19,7
61,20,1
61,158,1
61,0,7
61,78,2
61,32,7
61,43,6
61,95,13
61,69,3
61,141,1
61,40,4
61,109,1
61,15,3
61,164,1
61,159,9
61,144,5
61,124,3
61,143,1
61,7,13
61,134,9
149,91,3
149,135,5
149,19,4
149,32,2
149,43,4
149,95,3
149,154,1
149,69,1
149,40,1
149,109,1
149,164,1
149,140,1
149,159,4
149,144,1
149,124,1
149,7,6
149,134,1
149,121,1
91,135,5
91,19,5
91,76,1
91,158,2
91,32,3
91,41,3
91,43,1
91,114,1
91,95,9
91,154,1
91,69,2
91,40,2
91,15,1
91,96,1
91,159,3
91,63,2
91,144,1
91,124,1
91,7,10
91,134,4
135,19,86
135,18,1
135,76,4
135,158,7
135,0,29
135,78,6
135,32,80
135,41,15
135,4,11
135,43,71
135,92,3
135,114,14
135,137,4
135,72,2
135,95,121
135,154,15
135,111,5
135,105,4
135,59,3
135,69,18
135,141,4
135,40,19
135,109,2
135,12,3
135,122,8
135,15,13
135,164,4
135,140,1
135,50,2
135,96,1
135,159,91
135,104,5
135,36,7
135,63,24
135,144,44
135,124,32
135,143,11
135,7,209
135,134,117
135,121,2
19,76,2
19,158,5
19,0,16
19,78,1
19,32,50
19,41,5
19,4,10
19,43,50
19,92,2
19,114,18
19,137,2
19,72,1
19,95,79
19,154,9
19,111,3
19,105,5
19,59,2
19,69,10
19,141,4
19,40,14
19,109,2
19,122,9
19,15,13
19,164,6
19,47,1
19,159,55
19,104,9
19,36,2
19,63,20
19,144,37
19,68,2
19,124,19
19,143,10
19,7,113
19,134,64
19,121,2
18,43,2
18,95,1
18,59,1
18,159,1
18,124,1
18,7,2
18,134,1
76,32,5
76,4,1
76,43,1
76,114,1
76,72,1
76,12,1
76,15,2
76,159,2
76,144,1
76,68,1
76,7,4
76,134,1
20,32,1
20,40,1
20,144,1
20,7,1
158,78,1
158,32,7
158,41,2
158,4,1
158,95,7
158,154,1
158,111,1
158,59,1
158,15,2
158,159,9
158,104,1
158,124,1
158,143,2
158,7,7
158,134,6
0,32,17
0,4,5
0,43,13
0,114,3
0,95,21
0,154,1
0,111,3
0,105,2
0,69,3
0,141,1
0,40,1
0,122,1
0,15,5
0,140,1
0,159,15
0,104,2
0,36,1
0,63,7
0,144,9
0,124,8
0,143,4
0,7,29
0,134,23
0,121,2
78,32,2
78,43,2
78,114,1
78,95,2
78,40,2
78,15,3
78,159,3
78,36,1
78,144,1
78,143,1
78,7,6
78,134,3
32,41,3
32,4,9
32,43,29
32,114,17
32,137,3
32,95,89
32,154,3
32,111,2
32,59,2
32,69,10
32,141,4
32,40,7
32,109,1
32,98,1
32,12,5
32,122,8
32,15,11
32,164,4
32,47,2
32,50,1
32,159,46
32,104,1
32,36,2
32,63,12
32,144,32
32,68,1
32,124,21
32,143,12
32,7,134
32,134,86
32,121,5
41,43,5
41,95,10
41,105,5
41,40,2
41,109,1
41,12,1
41,122,1
41,15,3
41,164,1
41,159,4
41,104,2
41,63,2
41,144,1
41,124,4
41,143,1
41,7,10
41,134,8
4,43,5
4,114,4
4,95,13
4,154,2
4,111,1
4,59,1
4,69,1
4,40,2
4,12,1
4,15,1
4,159,11
4,104,1
4,63,3
4,144,3
4,124,4
4,143,2
4,7,25
4,134,13
43,92,1
43,114,11
43,137,1
43,72,1
43,95,66
43,154,9
43,105,4
43,59,2
43,69,7
43,141,2
43,40,5
43,12,2
43,122,6
43,15,10
43,164,2
43,47,2
43,159,41
43,104,6
43,36,4
43,63,14
43,144,18
43,68,1
43,124,13
43,143,10
43,7,95
43,134,53
43,121,3
92,114,1
92,15,1
92,159,2
92,144,1
92,7,1
114,95,17
114,154,1
114,111,1
114,105,1
114,69,2
114,141,1
114,15,4
114,164,1
114,140,1
114,159,8
114,104,1
114,144,6
114,124,4
114,143,3
114,7,22
114,134,14
114,121,2
137,95,5
137,105,1
137,15,1
137,159,3
137,144,2
137,124,1
137,7,3
137,134,1
72,141,1
72,159,2
72,7,2
72,134,1
95,154,12
95,111,6
95,105,3
95,59,3
95,69,19
95,141,3
95,40,21
95,109,1
95,12,9
95,122,9
95,15,18
95,164,6
95,140,2
95,47,3
95,50,1
95,159,81
95,104,8
95,36,6
95,63,14
95,144,51
95,68,1
95,124,23
95,143,14
95,7,174
95,134,87
95,121,5
154,69,2
154,141,2
154,40,4
154,109,1
154,12,3
154,15,3
154,159,8
154,104,1
154,63,4
154,144,5
154,124,3
154,143,4
154,7,18
154,134,19
111,59,1
111,40,1
111,15,1
111,164,1
111,159,2
111,36,2
111,144,1
111,124,1
111,7,12
111,134,4
105,69,1
105,141,1
105,40,1
105,15,1
105,164,1
105,159,2
105,144,1
105,124,2
105,143,1
105,7,7
105,134,4
59,69,1
59,159,3
59,63,4
59,144,4
59,124,1
59,7,3
59,134,3
69,40,4
69,122,4
69,15,3
69,50,1
69,159,13
69,104,1
69,36,1
69,63,2
69,144,6
69,124,4
69,143,2
69,7,25
69,134,18
141,40,1
141,98,1
141,122,1
141,159,3
141,63,2
141,144,3
141,143,1
141,7,8
141,134,4
141,121,1
40,122,3
40,15,4
40,164,2
40,159,20
40,104,2
40,36,1
40,63,2
40,144,7
40,68,2
40,124,8
40,143,2
40,7,20
40,134,14
40,121,1
109,159,2
109,144,2
109,124,1
109,143,2
109,7,3
98,144,1
98,134,3
12,159,3
12,7,4
12,134,5
122,15,6
122,159,6
122,104,2
122,63,2
122,144,1
122,124,2
122,143,1
122,7,14
122,134,7
15,47,1
15,159,15
15,104,2
15,63,4
15,144,6
15,124,6
15,143,1
15,7,37
15,134,13
15,121,1
164,159,11
164,104,1
164,144,3
164,124,2
164,143,3
164,7,10
164,134,5
140,159,2
140,63,1
140,7,6
140,134,1
47,159,1
47,63,1
47,7,1
47,134,2
50,159,1
50,7,2
50,134,2
96,144,1
159,104,2
159,36,4
159,63,17
159,144,37
159,124,15
159,143,9
159,7,123
159,134,78
159,121,4
104,144,4
104,124,3
104,143,1
104,7,11
104,134,4
36,144,1
36,124,2
36,7,8
63,144,11
63,124,7
63,143,2
63,7,39
63,134,17
144,124,15
144,143,3
144,7,69
144,134,44
68,134,1
124,143,4
124,7,47
124,134,16
124,121,2
143,7,19
143,134,8
7,134,167
7,121,7
134,121,4
